{
    "$schema": "https://schema.management.azure.com/schemas/2015-01-01/deploymentParameters.json#",
    "contentVersion": "1.0.0.0",
    "parameters": {
        "applicationName": {
            "value": "KVDemoApp"
        },
        "DBConnectionString": {
            "reference": {
              "keyVault": {
                "id": "/subscriptions/<subscriptionID>/resourceGroups/DemoResources/providers/Microsoft.KeyVault/vaults/DeploymentVaultSC"
              },
              "secretName": "DBConnectionString"
            }
        }


    }
}