{
  "$schema": "https://schema.management.azure.com/schemas/2015-01-01/deploymentTemplate.json#",
  "contentVersion": "1.0.0.0",
  "parameters": {
    "applicationName": {
      "type": "string",
      "metadata": {
        "description": "Name to use for Web App and Plan"
      }
    },
    "DBConnectionString": {
       "type": "securestring",
       "metadata": {
            "description": ""
        }
    }

  },
  "variables": {
    "planName": "[concat(parameters('applicationName'),'-plan')]"
  },
  "resources": [
    {
      "type": "Microsoft.Web/serverfarms",
      "apiVersion": "2016-09-01",
      "name": "[variables('planName')]",
      "location": "[resourceGroup().location]",
      "sku": {
        "name": "S1",
        "capacity": 1
      },
      "tags": {
        "displayName": "[variables('planName')]"
      },
      "properties": {
        "name": "[variables('planName')]"
      }
    },
    {
      "type": "Microsoft.Web/sites",
      "apiVersion": "2018-02-01",
      "name": "[parameters('applicationName')]",
      "location": "[resourceGroup().location]",
      "tags": {
        "displayName": "[parameters('applicationName')]"
      },
      "dependsOn": [
        "[concat('Microsoft.Web/serverfarms/',parameters('applicationName'),'-plan')]"
      ],
      "properties": {
        "name": "[parameters('applicationName')]",
        "serverFarmId": "[resourceId('Microsoft.Web/serverfarms/', variables('planName'))]",
        "siteConfig": {
          "ipSecurityRestrictions": [
            {
              "ipAddress": "12.23.254.3/32",
              "priority": 100,
              "name": "London Office"
            },
            {
                "ipAddress": "210.19.20.89/32",
                "priority": 101,
                "name": "New York Office"
              }
          ]
        }
      },
      "resources": [
        {
          "name": "appsettings",
          "type": "config",
          "apiVersion": "2015-08-01",
          "dependsOn": [
            "[concat('Microsoft.Web/sites/', parameters('applicationName'))]"
          ],
          "tags": {
            "displayName": "WebAppSettings"
          },
          "properties": {
            "DBConnectionString": "[parameters('DBConnectionString')]"
          }
        }
      ]
    }
  ],
  "outputs": {}
}
