{
    "$schema": "https://raw.githubusercontent.com/Azure/azure-devtestlab/master/schemas/2016-11-28/dtlArtifacts.json",
    "title": "TechSnips Wallpaper",
    "publisher": "TechSnips",
    "description": "Copy the TechSnips Wallpaper to the local disk and set it as the default wallpaper.",
    "tags": [
        "Windows",
        "PowerShell"
    ],
    "iconUri": "https://www.techsnips.io/static/images/common/techsnips-logo.png",
    "targetOsType": "Windows",
    "runCommand": {
        "commandToExecute": "powershell.exe -ExecutionPolicy bypass \"& ./SetWallpaper.ps1\""
    },
    "postDeployActions": [
        {
            "action": "restart",
            "delayStart": 60
        }
    ]
}