{
    "$schema": "https://schema.management.azure.com/schemas/2015-01-01/deploymentTemplate.json#",
    "contentVersion": "1.0.0.0",
    "parameters": {
        "applicationSize": {
            "type": "string",
            "defaultValue": "Small",
            "allowedValues": [
              "Small",
              "Medium",
              "Large"
            ]
          }

    },
    "variables": {
        "appSize": "[variables(concat('appSize',parameters('applicationSize')))]",
        "appSizeSmall": {
        "skuName": "S1",
        "skuCapacity": 1
        },
        "appSizeMedium": {
        "skuName": "S2",
        "skuCapacity": 2
        },
        "appSizeLarge": {
        "skuName": "S3",
        "skuCapacity": 3
        }
    },
    "resources": [
        {
            "type": "Microsoft.Web/serverfarms",
            "apiVersion": "2016-09-01",
            "name": "AppServicePlan1",
            "location": "[resourceGroup().location]",
            "sku": {
                "name": "[parameters('WebAppSize')]",
                "capacity": "[parameters('WebAppCount')]"
            },
            "tags": {
                "displayName": "AppServicePlan1"
            },
            "properties": {
                "name": "AppServicePlan1"
            }
        }
        {
            "type": "Microsoft.Web/sites",
            "apiVersion": "2018-02-01",
            "name": "WEB_APP_NAME",
            "location": "[resourceGroup().location]",
            "tags": {
                "[concat('hidden-related:', resourceGroup().id, '/providers/Microsoft.Web/serverfarms/APP_SERVICE_PLAN_NAME')]": "Resource",
                "displayName": "WEB_APP_NAME"
            },
            "dependsOn": [
                "Microsoft.Web/serverfarms/APP_SERVICE_PLAN_NAME"
            ],
            "properties": {
                "name": "WEB_APP_NAME",
                "serverFarmId": "[resourceId('Microsoft.Web/serverfarms/', 'APP_SERVICE_PLAN_NAME')]"
            }
        },
        {
            "type": "Microsoft.Sql/servers",
            "apiVersion": "2015-05-01-preview",
            "name": "sqlserver1",
            "location": "[resourceGroup().location]",
            "tags": {
                "displayName": "sqlserver1"
            },
            "properties": {
                "administratorLogin": "ADMIN_USERNAME",
                "administratorLoginPassword": "ADMIN_PASSWORD"
            },
            "resources": [
                {
                    "apiVersion": "2015-05-01-preview",
                    "dependsOn": [
                        "Microsoft.Sql/servers/sqlserver1"
                    ],
                    "location": "[resourceGroup().location]",
                    "name": "AllowAllWindowsAzureIps",
                    "properties": {
                        "startIpAddress": "0.0.0.0",
                        "endIpAddress": "0.0.0.0"
                    },
                    "type": "firewallrules"
                }
            ]
        }, 
        {
            "type": "Microsoft.Sql/servers/databases",
            "apiVersion": "2017-10-01-preview",
            "name": "SERVER_NAME/SQLdb1",
            "location": "[resourceGroup().location]",
            "tags": {
                "displayName": "SQLdb1"
            },
            "dependsOn": [
                "SERVER_NAME"
            ],
            "sku": {
                "name": "[parameters('SQLTier')]",
                "tier": "[parameters('SQLTier')]",
                "capacity": "[parameters('SQLDTU')]"
              },
            "properties": {
                "collation": "SQL_Latin1_General_CP1_CI_AS",
                "maxSizeBytes": "[parameters('SQLServerSizeInBytes')]"
            }
        }
    ],
    "outputs": {}
}