<?xml version="1.0" encoding="utf-8"?>
<unattend xmlns="urn:schemas-microsoft-com:unattend">
    <settings pass="windowsPE">
        <component name="Microsoft-Windows-International-Core-WinPE" processorArchitecture="amd64" publicKeyToken="31bf3856ad364e35" language="neutral" versionScope="nonSxS" xmlns:wcm="http://schemas.microsoft.com/WMIConfig/2002/State" xmlns:xsi="http://www.w3.org/2001/XMLSchema-instance">
            <SetupUILanguage>
                <UILanguage>en-us</UILanguage>
            </SetupUILanguage>
        </component>
        <component name="Microsoft-Windows-Setup" processorArchitecture="amd64" publicKeyToken="31bf3856ad364e35" language="neutral" versionScope="nonSxS" xmlns:wcm="http://schemas.microsoft.com/WMIConfig/2002/State" xmlns:xsi="http://www.w3.org/2001/XMLSchema-instance">
            <DiskConfiguration>
                <Disk wcm:action="add">
                    <DiskID>0</DiskID> 
                    <WillWipeDisk>true</WillWipeDisk> 
                    <CreatePartitions>

                    <!-- Windows RE Tools partition -->
                    <CreatePartition wcm:action="add">
                        <Order>1</Order> 
                        <Type>Primary</Type> 
                        <Size>300</Size> 
                    </CreatePartition>

                    <!-- System partition (ESP) -->
                    <CreatePartition wcm:action="add">
                        <Order>2</Order> 
                        <Type>EFI</Type> 
                        <Size>100</Size> 
                        <!-- Note: for Advanced Format Generation One drives, change to size=260 -->
                    </CreatePartition>

                    <!-- Microsoft reserved partition (MSR) -->
                    <CreatePartition wcm:action="add">
                        <Order>3</Order> 
                        <Type>MSR</Type> 
                        <Size>128</Size> 
                    </CreatePartition>

                    <!-- Windows partition -->
                    <CreatePartition wcm:action="add">
                        <Order>4</Order> 
                        <Type>Primary</Type> 
                        <Extend>true</Extend> 
                    </CreatePartition>
                    </CreatePartitions>

                    <ModifyPartitions>
                    <!-- Windows RE Tools partition -->
                    <ModifyPartition wcm:action="add">
                        <Order>1</Order> 
                        <PartitionID>1</PartitionID> 
                        <Label>WINRE</Label> 
                        <Format>NTFS</Format> 
                        <TypeID>de94bba4-06d1-4d40-a16a-bfd50179d6ac</TypeID>
                    </ModifyPartition>

                    <!-- System partition (ESP) -->
                    <ModifyPartition wcm:action="add">
                        <Order>2</Order> 
                        <PartitionID>2</PartitionID> 
                        <Label>System</Label> 
                        <Format>FAT32</Format> 
                    </ModifyPartition>

                    <!-- MSR partition does not need to be modified -->
                        <Order>3</Order> 
                        <PartitionID>3</PartitionID> 

                    <!-- Windows partition -->
                    <ModifyPartition wcm:action="add">
                        <Order>4</Order> 
                        <PartitionID>4</PartitionID> 
                        <Label>Windows</Label> 
                        <Letter>C</Letter> 
                        <Format>NTFS</Format> 
                    </ModifyPartition>
                    </ModifyPartitions>
                </Disk>
                <WillShowUI>OnError</WillShowUI> 
                </DiskConfiguration>

                <ImageInstall>
                <OSImage>
                    <InstallTo>
                    <DiskID>0</DiskID> 
                    <PartitionID>4</PartitionID> 
                    </InstallTo>
                </OSImage>
                </ImageInstall>
            <UserData>
                <ProductKey>
                    <Key>N69G4-B89J2-4G8F4-WWYCC-J464C</Key>
                </ProductKey>
                <AcceptEula>true</AcceptEula>
                <Organization>techSnips</Organization>
            </UserData>
        </component>
    </settings>
    <settings pass="specialize">
        <component name="Microsoft-Windows-Shell-Setup" processorArchitecture="amd64" publicKeyToken="31bf3856ad364e35" language="neutral" versionScope="nonSxS" xmlns:wcm="http://schemas.microsoft.com/WMIConfig/2002/State" xmlns:xsi="http://www.w3.org/2001/XMLSchema-instance">
            <TimeZone>Eastern Standard Time</TimeZone>
        </component>
    </settings>
    <settings pass="oobeSystem">
        <component name="Microsoft-Windows-International-Core" processorArchitecture="amd64" publicKeyToken="31bf3856ad364e35" language="neutral" versionScope="nonSxS" xmlns:wcm="http://schemas.microsoft.com/WMIConfig/2002/State" xmlns:xsi="http://www.w3.org/2001/XMLSchema-instance">
            <InputLocale>en-us</InputLocale>
            <SystemLocale>en-us</SystemLocale>
            <UserLocale>en-us</UserLocale>
        </component>
        <component name="Microsoft-Windows-Shell-Setup" processorArchitecture="amd64" publicKeyToken="31bf3856ad364e35" language="neutral" versionScope="nonSxS" xmlns:wcm="http://schemas.microsoft.com/WMIConfig/2002/State" xmlns:xsi="http://www.w3.org/2001/XMLSchema-instance">
            <UserAccounts>
                <AdministratorPassword>
                    <Value>dABlAGMAaABTAG4AaQBwAHMAMQAwADAAMQBBAGQAbQBpAG4AaQBzAHQAcgBhAHQAbwByAFAAYQBzAHMAdwBvAHIAZAA=</Value>
                    <PlainText>false</PlainText>
                </AdministratorPassword>
            </UserAccounts>
            <OOBE>
                <HideEULAPage>true</HideEULAPage>
                <HideOEMRegistrationScreen>true</HideOEMRegistrationScreen>
                <HideOnlineAccountScreens>true</HideOnlineAccountScreens>
                <HideWirelessSetupInOOBE>true</HideWirelessSetupInOOBE>
                <ProtectYourPC>1</ProtectYourPC>
            </OOBE>
        </component>
    </settings>
    <cpi:offlineImage cpi:source="wim:c:/installfiles/wims/install.wim#Windows Server 2019 SERVERSTANDARD" xmlns:cpi="urn:schemas-microsoft-com:cpi" />
</unattend>
